request_id,amount_safe_to_pay,affordability_status,recommended_payment_method,payment_plan,earliest_date_for_full_payment,spending_changes_needed,decision_explanation
request_26,15656000,affordable_now,full_payment,2025-08-03:15656000,2025-08-03,none,"Pay IDR 15,656,000 today. This leaves at least IDR 44,744,796.24 available over the next 90 days."
request_27,6670,affordable_now,full_payment,2026-07-05:6670,2026-07-05,none,"Pay ZAR 6,670 today. This leaves at least ZAR 41,017.28 available over the next 90 days."
request_28,192.02,affordable_later,wait,2024-08-20:1302.4,2024-08-20,none,"Pay EUR 1,302.40 in full on 2024-08-20. Paying earlier would take the balance below the EUR 1,100 minimum."
request_29,1773.58,not_affordable,not_recommended,none,,none,"Do not proceed with the ZAR 51,524 request. Although ZAR 1,773.58 is available today, the full amount cannot be completed safely within 90 days."
request_30,775.2,affordable_with_plan,installments,2026-04-06:268.74|2026-05-06:268.74|2026-06-05:268.74,2026-04-06,none,"Use 3 installments of USD 268.74, starting 2026-04-06. This leaves at least USD 1,656.39 available."
request_31,2681545.45,affordable_later,wait,2024-11-15:18164000,2024-11-15,none,"Pay IDR 18,164,000 in full on 2024-11-15. Paying earlier would take the balance below the IDR 16,588,900 minimum."
request_32,13267.91,not_affordable,not_recommended,none,,none,"Do not proceed with the ZAR 40,018 request. Although ZAR 13,267.91 is available today, the full amount cannot be completed safely within 90 days."
request_33,29846.01,not_affordable,not_recommended,none,,none,"Do not proceed with the INR 118,000 request. Although INR 29,846.01 is available today, the full amount cannot be completed safely within 90 days."
request_34,129400,affordable_now,full_payment,2024-12-04:129400,2024-12-04,none,"Pay INR 129,400 today. This leaves at least INR 285,930.55 available over the next 90 days."
request_35,24227.6,affordable_later,wait,2026-01-15:212000,2026-01-15,none,"Pay INR 212,000 in full on 2026-01-15. Paying earlier would take the balance below the INR 106,400 minimum."
request_36,576.72,affordable_later,wait,2026-09-15:3954,2026-09-15,none,"Pay USD 3,954 in full on 2026-09-15. Paying earlier would take the balance below the USD 2,400 minimum."
request_37,2731554.32,not_affordable,not_recommended,none,,none,"Do not proceed with the IDR 14,649,000 request. Although IDR 2,731,554.32 is available today, the full amount cannot be completed safely within 90 days."
request_38,160.01,affordable_later,wait,2025-10-15:971.3,2025-10-15,none,Pay EUR 971.30 in full on 2025-10-15. Paying earlier would take the balance below the EUR 400 minimum.
request_39,56450.41,affordable_later,wait,2026-06-15:208600,2026-06-15,none,"Pay INR 208,600 in full on 2026-06-15. Paying earlier would take the balance below the INR 213,400 minimum."
request_40,350.29,not_affordable,not_recommended,none,,none,"Do not proceed with the EUR 1,290.30 request. Although EUR 350.29 is available today, the full amount cannot be completed safely within 90 days."
request_41,8193260.26,affordable_later,wait,2026-01-15:38760000,2026-01-15,none,"Pay IDR 38,760,000 in full on 2026-01-15. Paying earlier would take the balance below the IDR 25,366,600 minimum."
request_42,52100,affordable_now,full_payment,2026-01-05:52100,2026-01-05,none,"Pay INR 52,100 today. This leaves at least INR 146,403.80 available over the next 90 days."
request_43,8374581.57,affordable_later,wait,2024-11-15:43339000,2024-11-15,none,"Pay IDR 43,339,000 in full on 2024-11-15. Paying earlier would take the balance below the IDR 21,398,000 minimum."
request_44,38347.37,affordable_later,wait,2025-04-15:95800,2025-04-15,none,"Pay INR 95,800 in full on 2025-04-15. Paying earlier would take the balance below the INR 82,900 minimum."
request_45,3473478.83,affordable_later,wait,2026-09-15:21983000,2026-09-15,none,"Pay IDR 21,983,000 in full on 2026-09-15. Paying earlier would take the balance below the IDR 11,149,800 minimum."
request_46,34748.19,affordable_with_plan,partial_payment,2024-12-03:34748.19|2024-12-15:14701.81,2024-12-15,none,"Pay INR 34,748.19 today and the remaining INR 14,701.81 on 2024-12-15. This completes the full request and keeps the INR 84,000 minimum protected."
request_47,21330001.32,not_affordable,not_recommended,none,,none,"Do not proceed with the IDR 38,114,000 request. Although IDR 21,330,001.32 is available today, the full amount cannot be completed safely within 90 days."
request_48,45700,affordable_now,full_payment,2026-07-25:45700,2026-07-25,none,"Pay INR 45,700 today. This leaves at least INR 76,160.99 available over the next 90 days."
request_49,13298978.75,affordable_with_plan,installments,2024-03-18:11902106.67|2024-04-18:11902106.67|2024-05-19:11902106.67,2024-05-15,none,"Use 3 installments of IDR 11,902,106.67, starting 2024-03-18. This leaves at least IDR 20,313,620.09 available."
request_50,43900,affordable_now,full_payment,2025-08-06:43900,2025-08-06,none,"Pay INR 43,900 today. This leaves at least INR 147,040.38 available over the next 90 days."
request_51,2191000,affordable_now,full_payment,2026-01-03:2191000,2026-01-03,none,"Pay IDR 2,191,000 today. This leaves at least IDR 13,524,304.15 available over the next 90 days."
request_52,19060.99,affordable_later,wait,2024-06-15:28870,2024-06-15,none,"Pay INR 28,870 in full on 2024-06-15. Paying earlier would take the balance below the INR 41,500 minimum."
request_53,468.73,affordable_with_plan,installments,2025-11-21:589.06|2025-12-19:589.06|2026-01-16:589.06,2026-01-15,none,"Use 3 installments of USD 589.06, starting 2025-11-21. This leaves at least USD 2,141.10 available."
request_54,2122.51,not_affordable,not_recommended,none,,none,"Do not proceed with the ZAR 121,528 request. Although ZAR 2,122.51 is available today, the full amount cannot be completed safely within 90 days."
request_55,129870.32,affordable_with_plan,installments,2026-06-11:75781.33|2026-07-12:75781.33|2026-08-12:75781.33,2026-07-15,none,"Use 3 installments of INR 75,781.33, starting 2026-06-11. This leaves at least INR 135,668.15 available."
request_56,629.9,affordable_with_plan,partial_payment,2025-02-03:629.9|2025-02-15:251.66,2025-02-15,none,"Pay USD 629.90 today and the remaining USD 251.66 on 2025-02-15. This completes the full request and keeps the USD 2,100 minimum protected."
request_57,12902.83,affordable_later,wait,2026-06-15:61446,2026-06-15,none,"Pay ZAR 61,446 in full on 2026-06-15. Paying earlier would take the balance below the ZAR 42,700 minimum."
request_58,16226000,affordable_now,full_payment,2024-12-07:16226000,2024-12-07,none,"Pay IDR 16,226,000 today. This leaves at least IDR 20,983,047.24 available over the next 90 days."
request_59,140600,affordable_with_plan,installments,2025-05-07:48741.33|2025-06-04:48741.33|2025-07-02:48741.33,2025-05-04,none,"Use 3 installments of INR 48,741.33, starting 2025-05-07. This leaves at least INR 248,681.63 available."
request_60,114.49,affordable_later,wait,2026-02-15:199.89,2026-02-15,none,Pay USD 199.89 in full on 2026-02-15. Paying earlier would take the balance below the USD 400 minimum.
request_61,29062,affordable_with_plan,installments,2024-03-17:10074.83|2024-04-17:10074.83|2024-05-18:10074.83,2024-03-03,none,"Use 3 installments of ZAR 10,074.83, starting 2024-03-17. This leaves at least ZAR 37,979.09 available."
request_62,404.23,affordable_now,full_payment,2025-08-05:404.23,2025-08-05,none,"Pay USD 404.23 today. This leaves at least USD 3,451.59 available over the next 90 days."
request_63,37277.65,not_affordable,not_recommended,none,,none,"Do not proceed with the INR 343,900 request. Although INR 37,277.65 is available today, the full amount cannot be completed safely within 90 days."
request_64,0,not_affordable,not_recommended,none,,none,"Do not proceed with the INR 63,700 request. Although INR 0 is available today, the full amount cannot be completed safely within 90 days."
request_65,5858.71,not_affordable,not_recommended,none,,none,"Do not proceed with the ZAR 54,340 request. Although ZAR 5,858.71 is available today, the full amount cannot be completed safely within 90 days."
request_66,22200,affordable_now,full_payment,2026-04-03:22200,2026-04-03,none,"Pay INR 22,200 today. This leaves at least INR 196,758.81 available over the next 90 days."
request_67,299.91,affordable_later,wait,2024-11-15:2094,2024-11-15,none,"Pay USD 2,094 in full on 2024-11-15. Paying earlier would take the balance below the USD 1,200 minimum."
request_68,1325.91,not_affordable,not_recommended,none,,none,"Do not make this payment by 2025-04-16. None of the available options keeps the USD 1,500 minimum protected."
request_69,529.1,affordable_now,full_payment,2026-01-04:529.1,2026-01-04,none,Pay EUR 529.10 today. This leaves at least EUR 726.08 available over the next 90 days.
request_70,49776.99,affordable_later,wait,2025-02-15:243900,2025-02-15,none,"Pay INR 243,900 in full on 2025-02-15. Paying earlier would take the balance below the INR 115,000 minimum."
request_71,585816.1,not_affordable,not_recommended,none,,none,"Do not proceed with the IDR 21,451,000 request. Although IDR 585,816.10 is available today, the full amount cannot be completed safely within 90 days."
request_72,11330,affordable_now,full_payment,2026-07-05:11330,2026-07-05,none,"Pay ZAR 11,330 today. This leaves at least ZAR 12,471.85 available over the next 90 days."
request_73,71400,affordable_now,full_payment,2023-01-20:71400,2023-01-20,none,"Pay INR 71,400 today. This leaves at least INR 109,022.98 available over the next 90 days."
request_74,5010,affordable_now,full_payment,2025-08-04:5010,2025-08-04,none,"Pay ZAR 5,010 today. This leaves at least ZAR 43,329.58 available over the next 90 days."
request_75,28270,affordable_with_plan,installments,2026-04-09:9800.27|2026-05-09:9800.27|2026-06-08:9800.27,2026-04-06,none,"Use 3 installments of ZAR 9,800.27, starting 2026-04-09. This leaves at least ZAR 129,103.91 available."
request_76,410.45,not_affordable,not_recommended,none,,none,"Do not make this payment by 2024-07-30. None of the available options keeps the USD 1,800 minimum protected."
request_77,59273.84,affordable_later,wait,2025-11-15:60700,2025-11-15,none,"Pay INR 60,700 in full on 2025-11-15. Paying earlier would take the balance below the INR 82,200 minimum."
request_78,46129.73,affordable_later,wait,2025-10-15:50200,2025-10-15,none,"Pay INR 50,200 in full on 2025-10-15. Paying earlier would take the balance below the INR 55,200 minimum."
request_79,316.01,not_affordable,not_recommended,none,,none,"Do not proceed with the EUR 2,151.60 request. Although EUR 316.01 is available today, the full amount cannot be completed safely within 90 days."
request_80,99788.73,not_affordable,not_recommended,none,,none,"Do not proceed with the INR 217,500 request. Although INR 99,788.73 is available today, the full amount cannot be completed safely within 90 days."
request_81,2076,affordable_now,full_payment,2026-07-03:2076,2026-07-03,none,"Pay USD 2,076 today. This leaves at least USD 1,717.74 available over the next 90 days."
request_82,191.65,affordable_later,wait,2025-02-20:1405.2,2025-02-20,none,"Pay USD 1,405.20 in full on 2025-02-20. Paying earlier would take the balance below the USD 1,100 minimum."
request_83,11716.2,not_affordable,not_recommended,none,,none,"Do not proceed with the INR 156,200 request. Although INR 11,716.20 is available today, the full amount cannot be completed safely within 90 days."
request_84,32543.74,affordable_later,wait,2026-06-15:95400,2026-06-15,none,"Pay INR 95,400 in full on 2026-06-15. Paying earlier would take the balance below the INR 91,300 minimum."
request_85,696054.92,not_affordable,not_recommended,none,,none,"Do not proceed with the IDR 19,304,000 request. Although IDR 696,054.92 is available today, the full amount cannot be completed safely within 90 days."
request_86,46300,affordable_now,full_payment,2025-08-03:46300,2025-08-03,none,"Pay INR 46,300 today. This leaves at least INR 88,744.88 available over the next 90 days."
request_87,18085.33,not_affordable,not_recommended,none,,none,"Do not proceed with the INR 487,900 request. Although INR 18,085.33 is available today, the full amount cannot be completed safely within 90 days."
request_88,10759.01,affordable_with_plan,installments,2024-06-14:9045.23|2024-07-15:9045.23|2024-08-15:9045.23,2024-07-15,none,"Use 3 installments of ZAR 9,045.23, starting 2024-06-14. This leaves at least ZAR 27,513.78 available."
request_89,9240198.23,not_affordable,not_recommended,none,,none,"Do not make this payment by 2026-01-15. None of the available options keeps the IDR 12,534,700 minimum protected."
request_90,2560,affordable_now,full_payment,2026-07-06:2560,2026-07-06,none,"Pay ZAR 2,560 today. This leaves at least ZAR 20,663.85 available over the next 90 days."
request_91,482.49,affordable_later,wait,2024-11-15:1927.2,2024-11-15,none,"Pay EUR 1,927.20 in full on 2024-11-15. Paying earlier would take the balance below the EUR 2,100 minimum."
request_92,31915.8,affordable_later,wait,2025-02-24:34034,2025-02-24,none,"Pay ZAR 34,034 in full on 2025-02-24. Paying earlier would take the balance below the ZAR 28,100 minimum."
request_93,1729.2,affordable_now,full_payment,2026-04-07:1729.2,2026-04-07,none,"Pay USD 1,729.20 today. This leaves at least USD 1,993.04 available over the next 90 days."
request_94,572,affordable_now,full_payment,2024-12-04:572,2024-12-04,none,"Pay EUR 572 today. This leaves at least EUR 1,299.48 available over the next 90 days."
request_95,5927.92,not_affordable,not_recommended,none,,none,"Do not proceed with the INR 553,000 request. Although INR 5,927.92 is available today, the full amount cannot be completed safely within 90 days."
request_96,73871.26,affordable_with_plan,installments,2026-01-10:31269.33|2026-02-09:31269.33|2026-03-11:31269.33,2026-02-15,none,"Use 3 installments of INR 31,269.33, starting 2026-01-10. This leaves at least INR 60,517.56 available."
request_97,1543.67,affordable_with_plan,installments,2024-03-19:8145.28|2024-04-19:8145.28|2024-05-20:8145.28,2024-04-15,none,"Use 3 installments of ZAR 8,145.28, starting 2024-03-19. This leaves at least ZAR 31,243.67 available."
request_98,5169.58,affordable_later,wait,2025-10-15:27148,2025-10-15,none,"Pay ZAR 27,148 in full on 2025-10-15. Paying earlier would take the balance below the ZAR 30,000 minimum."
request_99,17539,affordable_with_plan,full_payment,2026-07-04:18062,2026-07-15,reduce_to:event_9232:1065.9,"Reduce family dinner to 1065.9, then pay ZAR 18,062 today. This leaves at least ZAR 49,615.33 available."
request_100,25161.07,not_affordable,not_recommended,none,,none,"Do not make this payment by 2024-08-16. None of the available options keeps the ZAR 32,500 minimum protected."
request_101,143500,affordable_now,full_payment,2025-11-03:143500,2025-11-03,none,"Pay INR 143,500 today. This leaves at least INR 204,187.87 available over the next 90 days."
request_102,1716,affordable_with_plan,installments,2026-04-05:594.88|2026-05-05:594.88|2026-06-04:594.88,2026-04-05,none,"Use 3 installments of EUR 594.88, starting 2026-04-05. This leaves at least EUR 2,480.78 available."
request_103,4075.99,not_affordable,not_recommended,none,,none,"Do not proceed with the INR 368,300 request. Although INR 4,075.99 is available today, the full amount cannot be completed safely within 90 days."
request_104,17204,affordable_now,full_payment,2025-02-04:17204,2025-02-04,none,"Pay ZAR 17,204 today. This leaves at least ZAR 27,800.58 available over the next 90 days."
request_105,49665.76,affordable_later,wait,2026-06-15:53500,2026-06-15,none,"Pay INR 53,500 in full on 2026-06-15. Paying earlier would take the balance below the INR 73,900 minimum."
request_106,461.35,affordable_later,wait,2025-02-15:2207.7,2025-02-15,none,"Pay EUR 2,207.70 in full on 2025-02-15. Paying earlier would take the balance below the EUR 1,200 minimum."
request_107,2413.78,not_affordable,not_recommended,none,,none,"Do not make this payment by 2025-07-04. None of the available options keeps the EUR 1,600 minimum protected."
request_108,548.64,affordable_later,wait,2026-09-24:55308,2026-09-24,none,"Pay ZAR 55,308 in full on 2026-09-24. Paying earlier would take the balance below the ZAR 24,100 minimum."
request_109,577.9,affordable_with_plan,installments,2024-03-18:645.98|2024-04-18:645.98|2024-05-19:645.98,2024-05-15,none,"Use 3 installments of EUR 645.98, starting 2024-03-18. This leaves at least EUR 1,761.46 available."
request_110,22352,affordable_with_plan,installments,2025-08-06:7748.69|2025-09-03:7748.69|2025-10-01:7748.69,2025-08-06,none,"Use 3 installments of ZAR 7,748.69, starting 2025-08-06. This leaves at least ZAR 26,988.88 available."
request_111,16625000,affordable_now,full_payment,2026-04-03:16625000,2026-04-03,none,"Pay IDR 16,625,000 today. This leaves at least IDR 57,168,423.81 available over the next 90 days."
request_112,271.7,affordable_now,full_payment,2024-06-05:271.7,2024-06-05,none,Pay EUR 271.70 today. This leaves at least EUR 515.24 available over the next 90 days.
request_113,20361.57,affordable_later,wait,2026-10-15:36500,2026-10-15,none,"Pay INR 36,500 in full on 2026-10-15. Paying earlier would take the balance below the INR 82,300 minimum."
request_114,51332.38,affordable_later,wait,2026-01-15:65300,2026-01-15,none,"Pay INR 65,300 in full on 2026-01-15. Paying earlier would take the balance below the INR 113,400 minimum."
request_115,14644.65,affordable_later,wait,2024-11-15:80500,2024-11-15,none,"Pay INR 80,500 in full on 2024-11-15. Paying earlier would take the balance below the INR 38,800 minimum."
request_116,7794.95,not_affordable,not_recommended,none,,none,"Do not proceed with the INR 241,200 request. Although INR 7,794.95 is available today, the full amount cannot be completed safely within 90 days."
request_117,858.95,affordable_later,wait,2026-07-15:880,2026-07-15,none,"Pay EUR 880 in full on 2026-07-15. Paying earlier would take the balance below the EUR 1,000 minimum."
request_118,629.17,not_affordable,not_recommended,none,,none,Do not make this payment by 2025-02-08. None of the available options keeps the EUR 600 minimum protected.
request_119,59590.52,not_affordable,not_recommended,none,,none,"Do not make this payment by 2025-07-17. None of the available options keeps the INR 151,200 minimum protected."
request_120,7714000,affordable_now,full_payment,2026-04-06:7714000,2026-04-06,none,"Pay IDR 7,714,000 today. This leaves at least IDR 20,794,888.20 available over the next 90 days."
request_121,633.6,affordable_now,full_payment,2024-03-03:633.6,2024-03-03,none,Pay USD 633.60 today. This leaves at least USD 867.75 available over the next 90 days.
request_122,20558000,affordable_with_plan,installments,2025-08-05:7126773.33|2025-09-02:7126773.33|2025-09-30:7126773.33,2025-08-05,none,"Use 3 installments of IDR 7,126,773.33, starting 2025-08-05. This leaves at least IDR 29,696,727.15 available."
request_123,4076000,affordable_now,full_payment,2026-01-07:4076000,2026-01-07,none,"Pay IDR 4,076,000 today. This leaves at least IDR 21,265,359 available over the next 90 days."
request_124,1388.95,not_affordable,not_recommended,none,,none,"Do not make this payment by 2024-08-20. None of the available options keeps the EUR 1,600 minimum protected."
request_125,5772.47,affordable_later,wait,2025-11-15:6468,2025-11-15,none,"Pay ZAR 6,468 in full on 2025-11-15. Paying earlier would take the balance below the ZAR 11,300 minimum."
request_126,159600,affordable_now,full_payment,2026-07-03:159600,2026-07-03,none,"Pay INR 159,600 today. This leaves at least INR 130,506 available over the next 90 days."
request_127,7013.79,affordable_later,wait,2024-11-15:23980,2024-11-15,none,"Pay ZAR 23,980 in full on 2024-11-15. Paying earlier would take the balance below the ZAR 41,000 minimum."
request_128,25168,affordable_now,full_payment,2025-02-07:25168,2025-02-07,none,"Pay ZAR 25,168 today. This leaves at least ZAR 43,782.77 available over the next 90 days."
request_129,114.52,not_affordable,not_recommended,none,,none,"Do not proceed with the USD 2,668.80 request. Although USD 114.52 is available today, the full amount cannot be completed safely within 90 days."
request_130,369.39,affordable_later,wait,2025-02-15:1978.8,2025-02-15,none,"Pay USD 1,978.80 in full on 2025-02-15. Paying earlier would take the balance below the USD 1,400 minimum."
request_131,1127.5,not_affordable,not_recommended,none,,none,"Do not make this payment by 2025-07-08. None of the available options keeps the USD 1,100 minimum protected."
request_132,253.9,affordable_later,wait,2026-02-15:379.86,2026-02-15,none,"Pay USD 379.86 in full on 2026-02-15. Paying earlier would take the balance below the USD 1,100 minimum."
request_133,0,not_affordable,not_recommended,none,,none,"Do not proceed with the IDR 15,770,000 request. Although IDR 0 is available today, the full amount cannot be completed safely within 90 days."
request_134,4478536.66,affordable_later,wait,2025-10-15:21831000,2025-10-15,none,"Pay IDR 21,831,000 in full on 2025-10-15. Paying earlier would take the balance below the IDR 15,902,500 minimum."
request_135,282.34,affordable_later,wait,2026-07-15:304.8,2026-07-15,none,Pay USD 304.80 in full on 2026-07-15. Paying earlier would take the balance below the USD 500 minimum.
request_136,539.95,affordable_with_plan,full_payment,2024-06-03:560.4,2024-06-15,reduce_to:event_12498:27.2,"Reduce household shopping to 27.2, then pay USD 560.40 today. This leaves at least USD 1,119.95 available."
request_137,25090.39,affordable_later,wait,2026-01-15:80100,2026-01-15,none,"Pay INR 80,100 in full on 2026-01-15. Paying earlier would take the balance below the INR 71,800 minimum."
request_138,862.5,affordable_with_plan,partial_payment,2026-04-07:862.5|2026-04-15:394.44,2026-04-15,none,"Pay EUR 862.50 today and the remaining EUR 394.44 on 2026-04-15. This completes the full request and keeps the EUR 2,300 minimum protected."
request_139,1337.21,not_affordable,not_recommended,none,,none,"Do not make this payment by 2024-11-17. None of the available options keeps the USD 1,500 minimum protected."
request_140,1420.68,not_affordable,not_recommended,none,,none,"Do not proceed with the ZAR 62,832 request. Although ZAR 1,420.68 is available today, the full amount cannot be completed safely within 90 days."
request_141,18513.03,not_affordable,not_recommended,none,,none,"Do not proceed with the INR 171,600 request. Although INR 18,513.03 is available today, the full amount cannot be completed safely within 90 days."
request_142,1263.6,affordable_now,full_payment,2024-12-05:1263.6,2024-12-05,none,"Pay USD 1,263.60 today. This leaves at least USD 3,993.14 available over the next 90 days."
request_143,2484.1,affordable_later,wait,2025-07-15:12584,2025-07-15,none,"Pay ZAR 12,584 in full on 2025-07-15. Paying earlier would take the balance below the ZAR 11,300 minimum."
request_144,233.34,affordable_now,full_payment,2026-07-04:233.34,2026-07-04,none,Pay USD 233.34 today. This leaves at least USD 613.02 available over the next 90 days.
request_145,11019.77,not_affordable,not_recommended,none,,none,"Do not make this payment by 2024-05-26. None of the available options keeps the INR 155,400 minimum protected."
request_146,13570.65,not_affordable,not_recommended,none,,none,"Do not proceed with the INR 449,400 request. Although INR 13,570.65 is available today, the full amount cannot be completed safely within 90 days."
request_147,473.67,affordable_with_plan,installments,2026-04-08:391.63|2026-05-08:391.63|2026-06-07:391.63,2026-05-15,none,"Use 3 installments of EUR 391.63, starting 2026-04-08. This leaves at least EUR 982.04 available."
request_148,7226.88,not_affordable,not_recommended,none,,none,"Do not make this payment by 2024-08-18. None of the available options keeps the ZAR 20,000 minimum protected."
request_149,24792.29,affordable_with_plan,installments,2025-11-18:12706.03|2025-12-16:12706.03|2026-01-13:12706.03,2025-12-15,none,"Use 3 installments of ZAR 12,706.03, starting 2025-11-18. This leaves at least ZAR 43,908.86 available."
request_150,232.08,not_affordable,not_recommended,none,,none,Do not make this payment by 2026-03-16. None of the available options keeps the EUR 700 minimum protected.
request_151,26999000,affordable_now,full_payment,2024-09-03:26999000,2024-09-03,none,"Pay IDR 26,999,000 today. This leaves at least IDR 32,340,116.84 available over the next 90 days."
request_152,11079.26,not_affordable,not_recommended,none,,none,"Do not make this payment by 2025-04-13. None of the available options keeps the ZAR 11,900 minimum protected."
request_153,0,not_affordable,not_recommended,none,,none,"Do not proceed with the USD 2,830.80 request. Although USD 0 is available today, the full amount cannot be completed safely within 90 days."
request_154,1625.8,affordable_with_plan,installments,2024-12-04:563.61|2025-01-04:563.61|2025-02-04:563.61,2024-12-04,none,"Use 3 installments of EUR 563.61, starting 2024-12-04. This leaves at least EUR 1,859.71 available."
request_155,112500,affordable_now,full_payment,2025-05-06:112500,2025-05-06,none,"Pay INR 112,500 today. This leaves at least INR 76,887.27 available over the next 90 days."
request_156,9579.13,affordable_later,wait,2026-06-15:43076,2026-06-15,none,"Pay ZAR 43,076 in full on 2026-06-15. Paying earlier would take the balance below the ZAR 26,900 minimum."
request_157,5177361.27,affordable_later,wait,2024-05-15:23503000,2024-05-15,none,"Pay IDR 23,503,000 in full on 2024-05-15. Paying earlier would take the balance below the IDR 15,714,100 minimum."
request_158,242600,affordable_with_plan,installments,2025-08-07:84101.33|2025-09-04:84101.33|2025-10-02:84101.33,2025-08-07,none,"Use 3 installments of INR 84,101.33, starting 2025-08-07. This leaves at least INR 436,976.76 available."
request_159,5768.07,not_affordable,not_recommended,none,,none,"Do not proceed with the ZAR 13,398 request. Although ZAR 5,768.07 is available today, the full amount cannot be completed safely within 90 days."
request_160,573.88,affordable_with_plan,installments,2024-06-13:432.05|2024-07-14:432.05|2024-08-14:432.05,2024-07-15,none,"Use 3 installments of EUR 432.05, starting 2024-06-13. This leaves at least EUR 1,341.83 available."
request_161,6880177.29,affordable_later,wait,2026-01-15:21204000,2026-01-15,none,"Pay IDR 21,204,000 in full on 2026-01-15. Paying earlier would take the balance below the IDR 23,010,400 minimum."
request_162,1407152.52,not_affordable,not_recommended,none,,none,"Do not proceed with the IDR 83,923,000 request. Although IDR 1,407,152.52 is available today, the full amount cannot be completed safely within 90 days."
request_163,7954341.65,not_affordable,not_recommended,none,,none,"Do not make this payment by 2024-11-15. None of the available options keeps the IDR 26,728,700 minimum protected."
request_164,27018000,affordable_with_plan,installments,2025-02-11:9366240|2025-03-11:9366240|2025-04-08:9366240,2025-02-04,none,"Use 3 installments of IDR 9,366,240, starting 2025-02-11. This leaves at least IDR 47,646,684.37 available."
request_165,80600,affordable_now,full_payment,2026-04-06:80600,2026-04-06,none,"Pay INR 80,600 today. This leaves at least INR 266,767.59 available over the next 90 days."
request_166,2907.6,affordable_with_plan,installments,2024-12-03:1007.97|2025-01-03:1007.97|2025-02-03:1007.97,2024-12-03,none,"Use 3 installments of USD 1,007.97, starting 2024-12-03. This leaves at least USD 4,306.71 available."
request_167,43802,affordable_now,full_payment,2025-05-05:43802,2025-05-05,none,"Pay ZAR 43,802 today. This leaves at least ZAR 36,742.70 available over the next 90 days."
request_168,30632.33,affordable_with_plan,partial_payment,2026-01-07:30632.33|2026-02-15:18747.67,2026-02-15,none,"Pay INR 30,632.33 today and the remaining INR 18,747.67 on 2026-02-15. This completes the full request and keeps the INR 114,400 minimum protected."
request_169,41976,affordable_now,full_payment,2024-03-04:41976,2024-03-04,none,"Pay ZAR 41,976 today. This leaves at least ZAR 24,911.19 available over the next 90 days."
request_170,29931465.17,affordable_with_plan,installments,2025-08-06:12804480|2025-09-03:12804480|2025-10-01:12804480,2025-09-15,none,"Use 3 installments of IDR 12,804,480, starting 2025-08-06. This leaves at least IDR 25,103,937.02 available."
request_171,35.35,not_affordable,not_recommended,none,,none,"Do not proceed with the EUR 1,878.80 request. Although EUR 35.35 is available today, the full amount cannot be completed safely within 90 days."
request_172,9053.81,affordable_with_plan,partial_payment,2024-06-05:9053.81|2024-06-15:1146.19,2024-06-15,none,"Pay ZAR 9,053.81 today and the remaining ZAR 1,146.19 on 2024-06-15. This completes the full request and keeps the ZAR 27,200 minimum protected."
request_173,54382.65,not_affordable,not_recommended,none,,none,"Do not proceed with the INR 113,000 request. Although INR 54,382.65 is available today, the full amount cannot be completed safely within 90 days."
request_174,1146.2,affordable_with_plan,installments,2026-04-04:397.35|2026-05-04:397.35|2026-06-03:397.35,2026-04-04,none,"Use 3 installments of EUR 397.35, starting 2026-04-04. This leaves at least EUR 2,657.70 available."
request_175,2346.3,affordable_now,full_payment,2024-09-06:2346.3,2024-09-06,none,"Pay EUR 2,346.30 today. This leaves at least EUR 1,908.10 available over the next 90 days."
request_176,310.71,not_affordable,not_recommended,none,,none,"Do not proceed with the EUR 1,239.70 request. Although EUR 310.71 is available today, the full amount cannot be completed safely within 90 days."
request_177,1017.6,affordable_now,full_payment,2026-01-05:1017.6,2026-01-05,none,"Pay USD 1,017.60 today. This leaves at least USD 1,386.86 available over the next 90 days."
request_178,2938.1,affordable_with_plan,installments,2024-12-07:1018.54|2025-01-07:1018.54|2025-02-07:1018.54,2024-12-07,none,"Use 3 installments of EUR 1,018.54, starting 2024-12-07. This leaves at least EUR 3,878.43 available."
request_179,6607991.36,affordable_later,wait,2025-07-15:41648000,2025-07-15,none,"Pay IDR 41,648,000 in full on 2025-07-15. Paying earlier would take the balance below the IDR 41,430,800 minimum."
request_180,66500,affordable_now,full_payment,2026-07-06:66500,2026-07-06,none,"Pay INR 66,500 today. This leaves at least INR 47,549.55 available over the next 90 days."
request_181,416.74,not_affordable,not_recommended,none,,none,"Do not proceed with the USD 5,059.20 request. Although USD 416.74 is available today, the full amount cannot be completed safely within 90 days."
request_182,65714,affordable_now,full_payment,2025-08-05:65714,2025-08-05,none,"Pay ZAR 65,714 today. This leaves at least ZAR 40,459.84 available over the next 90 days."
request_183,22964775.47,not_affordable,not_recommended,none,,none,"Do not make this payment by 2026-06-18. None of the available options keeps the IDR 11,878,300 minimum protected."
request_184,7636.93,not_affordable,not_recommended,none,,none,"Do not proceed with the INR 251,900 request. Although INR 7,636.93 is available today, the full amount cannot be completed safely within 90 days."
request_185,323.17,affordable_later,wait,2026-01-15:1257.3,2026-01-15,none,"Pay EUR 1,257.30 in full on 2026-01-15. Paying earlier would take the balance below the EUR 1,300 minimum."
request_186,3016.37,affordable_later,wait,2026-03-15:26554,2026-03-15,none,"Pay ZAR 26,554 in full on 2026-03-15. Paying earlier would take the balance below the ZAR 22,000 minimum."
request_187,37759.83,affordable_later,wait,2024-11-15:187500,2024-11-15,none,"Pay INR 187,500 in full on 2024-11-15. Paying earlier would take the balance below the INR 128,300 minimum."
request_188,98.85,not_affordable,not_recommended,none,,none,"Do not proceed with the EUR 2,464 request. Although EUR 98.85 is available today, the full amount cannot be completed safely within 90 days."
request_189,488.4,affordable_now,full_payment,2026-07-04:488.4,2026-07-04,none,Pay EUR 488.40 today. This leaves at least EUR 474.84 available over the next 90 days.
request_190,541.1,affordable_later,wait,2025-02-15:2557.5,2025-02-15,none,"Pay EUR 2,557.50 in full on 2025-02-15. Paying earlier would take the balance below the EUR 1,600 minimum."
request_191,664.4,affordable_now,full_payment,2025-05-03:664.4,2025-05-03,none,Pay EUR 664.40 today. This leaves at least EUR 604.23 available over the next 90 days.
request_192,105.54,not_affordable,not_recommended,none,,none,"Do not proceed with the USD 2,046 request. Although USD 105.54 is available today, the full amount cannot be completed safely within 90 days."
request_193,68.74,affordable_with_plan,installments,2024-03-21:420.23|2024-04-21:420.23|2024-05-22:420.23,2024-05-15,none,"Use 3 installments of EUR 420.23, starting 2024-03-21. This leaves at least EUR 1,068.74 available."
request_194,33252.8,affordable_later,wait,2025-10-23:132800,2025-10-23,none,"Pay INR 132,800 in full on 2025-10-23. Paying earlier would take the balance below the INR 113,600 minimum."
request_195,965.65,not_affordable,not_recommended,none,,none,Do not make this payment by 2026-03-11. None of the available options keeps the EUR 700 minimum protected.
request_196,762.3,affordable_now,full_payment,2024-06-03:762.3,2024-06-03,none,Pay EUR 762.30 today. This leaves at least EUR 663.11 available over the next 90 days.
request_197,50939000,affordable_with_plan,installments,2025-11-19:17658853.33|2025-12-17:17658853.33|2026-01-14:17658853.33,2025-11-05,none,"Use 3 installments of IDR 17,658,853.33, starting 2025-11-19. This leaves at least IDR 27,563,899.85 available."
request_198,185800,affordable_now,full_payment,2026-07-07:185800,2026-07-07,none,"Pay INR 185,800 today. This leaves at least INR 157,136.44 available over the next 90 days."
request_199,23674000,affordable_with_plan,installments,2024-09-07:8206986.67|2024-10-08:8206986.67|2024-11-08:8206986.67,2024-09-04,none,"Use 3 installments of IDR 8,206,986.67, starting 2024-09-07. This leaves at least IDR 48,518,912.55 available."
request_200,21717000,affordable_now,full_payment,2025-02-06:21717000,2025-02-06,none,"Pay IDR 21,717,000 today. This leaves at least IDR 24,220,121.74 available over the next 90 days."
request_201,23090094.94,affordable_with_plan,full_payment,2026-04-03:23997000,,stop:event_18493,"Stop streaming subscription, then pay IDR 23,997,000 today. This leaves at least IDR 17,600,294.94 available."
request_202,123900,affordable_now,full_payment,2024-12-05:123900,2024-12-05,none,"Pay INR 123,900 today. This leaves at least INR 166,241.15 available over the next 90 days."
request_203,1442.1,affordable_with_plan,installments,2025-05-10:499.93|2025-06-07:499.93|2025-07-05:499.93,2025-05-07,none,"Use 3 installments of EUR 499.93, starting 2025-05-10. This leaves at least EUR 2,364.69 available."
request_204,572.91,affordable_later,wait,2026-01-15:588.74,2026-01-15,none,"Pay EUR 588.74 in full on 2026-01-15. Paying earlier would take the balance below the EUR 1,300 minimum."
request_205,10621000,affordable_now,full_payment,2024-03-06:10621000,2024-03-06,none,"Pay IDR 10,621,000 today. This leaves at least IDR 15,498,560.79 available over the next 90 days."
request_206,1404.7,affordable_with_plan,installments,2025-08-03:486.96|2025-08-31:486.96|2025-09-28:486.96,2025-08-03,none,"Use 3 installments of EUR 486.96, starting 2025-08-03. This leaves at least EUR 2,559.71 available."
request_207,4571.06,affordable_later,wait,2026-07-15:11830,2026-07-15,none,"Pay ZAR 11,830 in full on 2026-07-15. Paying earlier would take the balance below the ZAR 13,600 minimum."
request_208,3127485.92,affordable_later,wait,2024-06-15:4413000,2024-06-15,none,"Pay IDR 4,413,000 in full on 2024-06-15. Paying earlier would take the balance below the IDR 10,470,700 minimum."
request_209,1712.03,not_affordable,not_recommended,none,,none,"Do not proceed with the ZAR 56,914 request. Although ZAR 1,712.03 is available today, the full amount cannot be completed safely within 90 days."
request_210,989.17,affordable_with_plan,partial_payment,2026-04-06:989.17|2026-04-15:370.85,2026-04-15,none,"Pay USD 989.17 today and the remaining USD 370.85 on 2026-04-15. This completes the full request and keeps the USD 2,000 minimum protected."
request_211,271.76,affordable_later,wait,2024-11-15:1788.6,2024-11-15,none,"Pay EUR 1,788.60 in full on 2024-11-15. Paying earlier would take the balance below the EUR 1,500 minimum."
request_212,3856689.96,not_affordable,not_recommended,none,,none,"Do not proceed with the IDR 71,934,000 request. Although IDR 3,856,689.96 is available today, the full amount cannot be completed safely within 90 days."
request_213,2319.62,not_affordable,not_recommended,none,,none,"Do not proceed with the USD 3,362.40 request. Although USD 2,319.62 is available today, the full amount cannot be completed safely within 90 days."
request_214,42193.64,affordable_with_plan,partial_payment,2024-12-04:42193.64|2024-12-15:27556.36,2024-12-15,none,"Pay INR 42,193.64 today and the remaining INR 27,556.36 on 2024-12-15. This completes the full request and keeps the INR 174,900 minimum protected."
request_215,29986,affordable_with_plan,installments,2025-05-09:10395.15|2025-06-06:10395.15|2025-07-04:10395.15,2025-05-06,none,"Use 3 installments of ZAR 10,395.15, starting 2025-05-09. This leaves at least ZAR 22,232.06 available."
request_216,491.76,affordable_later,wait,2026-09-15:3332.4,2026-09-15,none,"Pay USD 3,332.40 in full on 2026-09-15. Paying earlier would take the balance below the USD 1,800 minimum."
request_217,19506.88,affordable_with_plan,installments,2024-03-19:12889.07|2024-04-19:12889.07|2024-05-20:12889.07,2024-05-15,none,"Use 3 installments of ZAR 12,889.07, starting 2024-03-19. This leaves at least ZAR 28,171.53 available."
request_218,23228554.04,affordable_with_plan,installments,2025-08-07:21195893.33|2025-09-04:21195893.33|2025-10-02:21195893.33,2025-09-15,none,"Use 3 installments of IDR 21,195,893.33, starting 2025-08-07. This leaves at least IDR 36,509,860.71 available."
request_219,710.87,affordable_with_plan,installments,2026-04-07:580.01|2026-05-07:580.01|2026-06-06:580.01,2026-05-15,none,"Use 3 installments of EUR 580.01, starting 2026-04-07. This leaves at least EUR 1,186.15 available."
request_220,68.48,not_affordable,not_recommended,none,,none,"Do not proceed with the EUR 3,118.50 request. Although EUR 68.48 is available today, the full amount cannot be completed safely within 90 days."
request_221,109800,affordable_now,full_payment,2025-11-03:109800,2025-11-03,none,"Pay INR 109,800 today. This leaves at least INR 102,019.83 available over the next 90 days."
request_222,34078,affordable_now,full_payment,2026-01-05:34078,2026-01-05,none,"Pay ZAR 34,078 today. This leaves at least ZAR 65,842.39 available over the next 90 days."
request_223,898.7,affordable_now,full_payment,2024-09-07:898.7,2024-09-07,none,Pay EUR 898.70 today. This leaves at least EUR 995.53 available over the next 90 days.
request_224,10327000,affordable_with_plan,installments,2025-02-04:5370040|2025-03-04:5370040,2025-02-04,none,"Use 2 installments of IDR 5,370,040, starting 2025-02-04. This leaves at least IDR 27,692,077.64 available."
request_225,9700570.5,affordable_with_plan,installments,2026-07-20:7647120|2026-08-19:7647120|2026-09-18:7647120,2026-09-15,none,"Use 3 installments of IDR 7,647,120, starting 2026-07-20. This leaves at least IDR 19,531,212.62 available."
request_226,157000,affordable_now,full_payment,2024-12-03:157000,2024-12-03,none,"Pay INR 157,000 today. This leaves at least INR 220,883.61 available over the next 90 days."
request_227,7434.82,not_affordable,not_recommended,none,,none,"Do not proceed with the INR 259,700 request. Although INR 7,434.82 is available today, the full amount cannot be completed safely within 90 days."
request_228,1545975.08,not_affordable,not_recommended,none,,none,"Do not proceed with the IDR 63,327,000 request. Although IDR 1,545,975.08 is available today, the full amount cannot be completed safely within 90 days."
request_229,551.46,affordable_with_plan,installments,2024-03-18:529.29|2024-04-18:529.29|2024-05-19:529.29,2024-05-15,none,"Use 3 installments of EUR 529.29, starting 2024-03-18. This leaves at least EUR 1,166.01 available."
request_230,3537.6,affordable_now,full_payment,2025-08-06:3537.6,2025-08-06,none,"Pay EUR 3,537.60 today. This leaves at least EUR 3,527.37 available over the next 90 days."
request_231,31627.04,affordable_with_plan,installments,2026-01-06:12378.08|2026-02-05:12378.08|2026-03-07:12378.08,2026-02-15,none,"Use 3 installments of ZAR 12,378.08, starting 2026-01-06. This leaves at least ZAR 24,448.76 available."
request_232,605.97,not_affordable,not_recommended,none,,none,"Do not proceed with the EUR 1,970.10 request. Although EUR 605.97 is available today, the full amount cannot be completed safely within 90 days."
request_233,3757732.13,affordable_with_plan,partial_payment,2025-11-07:3757732.13|2025-11-15:2483267.87,2025-11-15,none,"Pay IDR 3,757,732.13 today and the remaining IDR 2,483,267.87 on 2025-11-15. This completes the full request and keeps the IDR 10,365,700 minimum protected."
request_234,184.73,affordable_later,wait,2026-09-15:1213.3,2026-09-15,none,"Pay EUR 1,213.30 in full on 2026-09-15. Paying earlier would take the balance below the EUR 700 minimum."
request_235,967.2,affordable_now,full_payment,2024-09-06:967.2,2024-09-06,none,Pay USD 967.20 today. This leaves at least USD 813.40 available over the next 90 days.
request_236,5852062.77,not_affordable,not_recommended,none,,none,"Do not proceed with the IDR 52,383,000 request. Although IDR 5,852,062.77 is available today, the full amount cannot be completed safely within 90 days."
request_237,22203694.04,affordable_with_plan,full_payment,2026-04-05:23826000,,reduce_to:event_21813:548720,"Reduce clothing and household items to 548720, then pay IDR 23,826,000 today. This leaves at least IDR 23,302,794.56 available."
request_238,663.6,affordable_with_plan,installments,2024-12-07:230.05|2025-01-07:230.05|2025-02-07:230.05,2024-12-07,none,"Use 3 installments of USD 230.05, starting 2024-12-07. This leaves at least USD 1,054.81 available."
request_239,642,affordable_now,full_payment,2025-05-04:642,2025-05-04,none,Pay USD 642 today. This leaves at least USD 677.27 available over the next 90 days.
request_240,13857.82,not_affordable,not_recommended,none,,none,"Do not proceed with the INR 101,200 request. Although INR 13,857.82 is available today, the full amount cannot be completed safely within 90 days."
request_241,21052000,affordable_with_plan,installments,2024-03-17:7298026.67|2024-04-17:7298026.67|2024-05-18:7298026.67,2024-03-03,none,"Use 3 installments of IDR 7,298,026.67, starting 2024-03-17. This leaves at least IDR 21,226,119.49 available."
request_242,27.44,not_affordable,not_recommended,none,,none,"Do not proceed with the EUR 1,966.80 request. Although EUR 27.44 is available today, the full amount cannot be completed safely within 90 days."
request_243,17468,affordable_now,full_payment,2026-07-07:17468,2026-07-07,none,"Pay ZAR 17,468 today. This leaves at least ZAR 24,384.42 available over the next 90 days."
request_244,49918,affordable_now,full_payment,2024-06-04:49918,2024-06-04,none,"Pay ZAR 49,918 today. This leaves at least ZAR 59,590.83 available over the next 90 days."
request_245,23707.7,affordable_later,wait,2026-01-15:128500,2026-01-15,none,"Pay INR 128,500 in full on 2026-01-15. Paying earlier would take the balance below the INR 94,600 minimum."
request_246,64086,affordable_with_plan,installments,2026-04-03:22216.48|2026-05-03:22216.48|2026-06-02:22216.48,2026-04-03,none,"Use 3 installments of ZAR 22,216.48, starting 2026-04-03. This leaves at least ZAR 149,108.95 available."
request_247,1059.3,affordable_now,full_payment,2024-09-05:1059.3,2024-09-05,none,"Pay EUR 1,059.30 today. This leaves at least EUR 1,367.19 available over the next 90 days."
request_248,887,affordable_with_plan,partial_payment,2025-02-07:887|2025-04-24:1078.6,2025-04-24,none,"Pay USD 887 today and the remaining USD 1,078.60 on 2025-04-24. This completes the full request and keeps the USD 1,300 minimum protected."
request_249,126.36,affordable_later,wait,2026-03-15:643.2,2026-03-15,none,Pay USD 643.20 in full on 2026-03-15. Paying earlier would take the balance below the USD 600 minimum.
request_250,15463.05,not_affordable,not_recommended,none,,none,"Do not proceed with the ZAR 124,278 request. Although ZAR 15,463.05 is available today, the full amount cannot be completed safely within 90 days."
request_251,618.4,not_affordable,not_recommended,none,,none,"Do not proceed with the EUR 1,513.60 request. Although EUR 618.40 is available today, the full amount cannot be completed safely within 90 days."
request_252,3808059.35,affordable_later,wait,2026-09-15:28082000,2026-09-15,none,"Pay IDR 28,082,000 in full on 2026-09-15. Paying earlier would take the balance below the IDR 15,152,200 minimum."
request_253,1364.29,affordable_with_plan,installments,2024-03-21:984.6|2024-04-21:984.6|2024-05-22:984.6,2024-05-15,none,"Use 3 installments of EUR 984.60, starting 2024-03-21. This leaves at least EUR 2,471.77 available."
request_254,527.97,affordable_later,wait,2025-10-15:3535.2,2025-10-15,none,"Pay USD 3,535.20 in full on 2025-10-15. Paying earlier would take the balance below the USD 2,500 minimum."
request_255,3345000,affordable_now,full_payment,2026-04-06:3345000,2026-04-06,none,"Pay IDR 3,345,000 today. This leaves at least IDR 32,544,646.80 available over the next 90 days."
request_256,152989.68,affordable_with_plan,installments,2024-06-10:75816|2024-07-11:75816|2024-08-11:75816,2024-07-15,none,"Use 3 installments of INR 75,816, starting 2024-06-10. This leaves at least INR 187,401.58 available."
request_257,348.13,affordable_later,wait,2026-01-15:1352.4,2026-01-15,none,"Pay USD 1,352.40 in full on 2026-01-15. Paying earlier would take the balance below the USD 1,600 minimum."
request_258,1113.6,affordable_now,full_payment,2026-01-07:1113.6,2026-01-07,none,"Pay USD 1,113.60 today. This leaves at least USD 593.82 available over the next 90 days."
request_259,252.13,affordable_later,wait,2024-11-15:935,2024-11-15,none,Pay EUR 935 in full on 2024-11-15. Paying earlier would take the balance below the EUR 600 minimum.
request_260,6329945.72,not_affordable,not_recommended,none,,none,"Do not proceed with the IDR 52,079,000 request. Although IDR 6,329,945.72 is available today, the full amount cannot be completed safely within 90 days."
request_261,1830.4,affordable_now,full_payment,2026-07-03:1830.4,2026-07-03,none,"Pay EUR 1,830.40 today. This leaves at least EUR 1,783.98 available over the next 90 days."
request_262,9236000,affordable_now,full_payment,2024-12-05:9236000,2024-12-05,none,"Pay IDR 9,236,000 today. This leaves at least IDR 49,126,895.19 available over the next 90 days."
request_263,7081.05,not_affordable,not_recommended,none,,none,"Do not proceed with the ZAR 51,546 request. Although ZAR 7,081.05 is available today, the full amount cannot be completed safely within 90 days."
request_264,22806.09,affordable_later,wait,2026-06-15:111300,2026-06-15,none,"Pay INR 111,300 in full on 2026-06-15. Paying earlier would take the balance below the INR 59,500 minimum."
request_265,0,not_affordable,not_recommended,none,,none,"Do not proceed with the INR 45,970 request. Although INR 0 is available today, the full amount cannot be completed safely within 90 days."
request_266,772.06,affordable_with_plan,installments,2025-08-03:324.13|2025-08-31:324.13|2025-09-28:324.13,2025-09-15,none,"Use 3 installments of EUR 324.13, starting 2025-08-03. This leaves at least EUR 932.11 available."
request_267,1634.29,not_affordable,not_recommended,none,,none,"Do not make this payment by 2026-03-17. None of the available options keeps the EUR 1,500 minimum protected."
request_268,1036.61,affordable_with_plan,installments,2024-06-14:841.22|2024-07-15:841.22|2024-08-15:841.22,2024-07-15,none,"Use 3 installments of EUR 841.22, starting 2024-06-14. This leaves at least EUR 1,595.39 available."
request_269,9871.35,affordable_later,wait,2025-12-15:15490,2025-12-15,none,"Pay ZAR 15,490 in full on 2025-12-15. Paying earlier would take the balance below the ZAR 23,100 minimum."
request_270,97.96,not_affordable,not_recommended,none,,none,"Do not proceed with the USD 3,028.80 request. Although USD 97.96 is available today, the full amount cannot be completed safely within 90 days."
request_271,6466.4,affordable_later,wait,2024-11-20:91300,2024-11-20,none,"Pay INR 91,300 in full on 2024-11-20. Paying earlier would take the balance below the INR 58,200 minimum."
request_272,5433088.18,affordable_with_plan,installments,2025-02-12:4709466.67|2025-03-12:4709466.67|2025-04-09:4709466.67,2025-03-15,none,"Use 3 installments of IDR 4,709,466.67, starting 2025-02-12. This leaves at least IDR 8,232,221.51 available."
request_273,9576848.05,affordable_with_plan,partial_payment,2026-04-07:9576848.05|2026-04-15:6284151.95,2026-04-15,none,"Pay IDR 9,576,848.05 today and the remaining IDR 6,284,151.95 on 2026-04-15. This completes the full request and keeps the IDR 18,774,600 minimum protected."
request_274,2130.35,not_affordable,not_recommended,none,,none,"Do not make this payment by 2025-02-11. None of the available options keeps the EUR 1,800 minimum protected."
request_275,15884000,affordable_now,full_payment,2025-05-06:15884000,2025-05-06,none,"Pay IDR 15,884,000 today. This leaves at least IDR 14,246,984.56 available over the next 90 days."
